nome,total,total_falha,ponc_falha,menor,maior,media
WDC,2773,124,4.47169130905,2,360,116.0
SAMSUNG,1,0,0.0,0,0,0
TOSHIBA,339,3,0.884955752212,67,110,95.0
Hitachi,12727,115,0.903590791231,1,364,138.0
HGST,17382,61,0.350937751697,3,332,128.0
Seagate,47935,1111,2.31772191509,1,365,158.0
